scenario,season,alpha,cost_baseline_usd,cost_optimized_usd,cost_savings_usd,cost_savings_pct,cost_savings_annualized_usd,carbon_baseline_lbs,carbon_optimized_lbs,carbon_savings_lbs,carbon_savings_pct,carbon_savings_tons,carbon_savings_annualized_tons,battery_enabled,battery_capacity_mwh,battery_power_mw,battery_duration_hours,battery_capex_usd,battery_annualized_capex_usd,battery_fixed_om_usd_per_year,battery_annual_ownership_cost_usd,battery_weekly_ownership_cost_usd,battery_throughput_mwh,battery_degradation_cost_usd,cost_savings_usd_battery_off,carbon_savings_tons_battery_off,incremental_bess_savings_usd,incremental_bess_carbon_tons,net_incremental_bess_value_usd,net_incremental_bess_value_annual_usd,bess_should_be_included
battery_off,summer,0.0,3960220.1340822345,3986503.173583301,-26283.03950106632,-0.6636762253408752,-1366718.0540554486,78988126.12620546,78566863.24955541,421262.8766500503,0.5333243074749816,210.63143832502513,10952.834792901307,False,0.0,0.0,0.0,0.0,0.0,0.0,0.0,0.0,0.0,0.0,-26283.03950106632,210.63143832502513,0.0,0.0,0.0,0.0,BASELINE
battery_off,summer,0.1,3960220.1340822345,3873125.464935551,87094.66914668353,2.199238077629424,4528922.795627544,78988126.12620546,78582796.57659614,405329.5496093184,0.5131525072030344,202.66477480465917,10538.568289842276,False,0.0,0.0,0.0,0.0,0.0,0.0,0.0,0.0,0.0,0.0,87094.66914668353,202.66477480465917,0.0,0.0,0.0,0.0,BASELINE
battery_off,summer,0.2,3960220.1340822345,3794220.53520888,165999.5988733545,4.191676049640211,8631979.141414434,78988126.12620546,78690758.43588221,297367.6903232485,0.37647138235450867,148.68384516162425,7731.559948404461,False,0.0,0.0,0.0,0.0,0.0,0.0,0.0,0.0,0.0,0.0,165999.5988733545,148.68384516162425,0.0,0.0,0.0,0.0,BASELINE
battery_off,summer,0.3,3960220.1340822345,3722712.2817121325,237507.85237010196,5.997339651048047,12350408.323245302,78988126.12620546,78728390.08697228,259736.0392331779,0.3288292202528991,129.86801961658895,6753.137020062625,False,0.0,0.0,0.0,0.0,0.0,0.0,0.0,0.0,0.0,0.0,237507.85237010196,129.86801961658895,0.0,0.0,0.0,0.0,BASELINE
battery_off,summer,0.4,3960220.1340822345,3677577.4914616887,282642.6426205458,7.1370437261323385,14697417.416268382,78988126.12620546,78801446.12145212,186680.0047533363,0.23633932580583464,93.34000237666815,4853.680123586744,False,0.0,0.0,0.0,0.0,0.0,0.0,0.0,0.0,0.0,0.0,282642.6426205458,93.34000237666815,0.0,0.0,0.0,0.0,BASELINE
battery_off,summer,0.5,3960220.1340822345,3660863.943985584,299356.1900966503,7.559079545107784,15566521.885025814,78988126.12620546,78857036.21003997,131089.91616548598,0.1659615471267586,65.544958082743,3408.337820302636,False,0.0,0.0,0.0,0.0,0.0,0.0,0.0,0.0,0.0,0.0,299356.1900966503,65.544958082743,0.0,0.0,0.0,0.0,BASELINE
battery_off,summer,0.6,3960220.1340822345,3624267.688680093,335952.44540214166,8.483176036374486,17469527.160911366,78988126.12620546,78900427.7592783,87698.36692716181,0.11102727869127992,43.84918346358091,2280.1575401062073,False,0.0,0.0,0.0,0.0,0.0,0.0,0.0,0.0,0.0,0.0,335952.44540214166,43.84918346358091,0.0,0.0,0.0,0.0,BASELINE
battery_off,summer,0.7,3960220.1340822345,3588367.2682436425,371852.86583859194,9.389701916779112,19336349.02360678,78988126.12620546,78872203.41450335,115922.71170210838,0.14675966805047339,57.96135585105419,3013.990504254818,False,0.0,0.0,0.0,0.0,0.0,0.0,0.0,0.0,0.0,0.0,371852.86583859194,57.96135585105419,0.0,0.0,0.0,0.0,BASELINE
battery_off,summer,0.8,3960220.1340822345,3568331.639206552,391888.4948756825,9.895624021074807,20378201.73353549,78988126.12620546,78916304.9457773,71821.18042816222,0.09092655307888675,35.91059021408111,1867.350691132218,False,0.0,0.0,0.0,0.0,0.0,0.0,0.0,0.0,0.0,0.0,391888.4948756825,35.91059021408111,0.0,0.0,0.0,0.0,BASELINE
battery_off,summer,0.9,3960220.1340822345,3545881.162192006,414338.97189022833,10.462523745192001,21545626.53829187,78988126.12620546,78945058.41773465,43067.70847080648,0.054524281791409834,21.53385423540324,1119.7604202409684,False,0.0,0.0,0.0,0.0,0.0,0.0,0.0,0.0,0.0,0.0,414338.97189022833,21.53385423540324,0.0,0.0,0.0,0.0,BASELINE
battery_off,summer,1.0,3960220.1340822345,3543817.449495222,416402.6845870125,10.514634805358169,21652939.598524652,78988126.12620546,78951350.06122038,36776.06498508155,0.046558978910730936,18.388032492540777,956.1776896121204,False,0.0,0.0,0.0,0.0,0.0,0.0,0.0,0.0,0.0,0.0,416402.6845870125,18.388032492540777,0.0,0.0,0.0,0.0,BASELINE
battery_off,winter,0.0,6544304.138708197,6568567.08480907,-24262.946100873873,-0.37074906035255295,-1261673.1972454414,79929321.92700616,79839376.02155232,89945.90545383096,0.1125318009528121,44.97295272691548,2338.593541799605,False,0.0,0.0,0.0,0.0,0.0,0.0,0.0,0.0,0.0,0.0,-24262.946100873873,44.97295272691548,0.0,0.0,0.0,0.0,BASELINE
battery_off,winter,0.1,6544304.138708197,6527702.256480238,16601.88222795818,0.25368445408521745,863297.8758538254,79929321.92700616,79832300.95351842,97020.9734877348,0.121383456219405,48.510486743867396,2522.5453106811046,False,0.0,0.0,0.0,0.0,0.0,0.0,0.0,0.0,0.0,0.0,16601.88222795818,48.510486743867396,0.0,0.0,0.0,0.0,BASELINE
battery_off,winter,0.2,6544304.138708197,6520489.759777369,23814.378930827603,0.36389474611930867,1238347.7044030353,79929321.92700616,79846472.2455893,82849.68141685426,0.10365367729819486,41.42484070842713,2154.091716838211,False,0.0,0.0,0.0,0.0,0.0,0.0,0.0,0.0,0.0,0.0,23814.378930827603,41.42484070842713,0.0,0.0,0.0,0.0,BASELINE
battery_off,winter,0.3,6544304.138708197,6516530.814381106,27773.324327090755,0.42438926642814967,1444212.8650087193,79929321.92700616,79852311.88330036,77010.04370579123,0.096347675482746,38.50502185289562,2002.261136350572,False,0.0,0.0,0.0,0.0,0.0,0.0,0.0,0.0,0.0,0.0,27773.324327090755,38.50502185289562,0.0,0.0,0.0,0.0,BASELINE
battery_off,winter,0.4,6544304.138708197,6515970.255747882,28333.882960314862,0.43295486211782,1473361.9139363728,79929321.92700616,79853867.85616323,75454.07084292173,0.09440098955403206,37.72703542146087,1961.8058419159652,False,0.0,0.0,0.0,0.0,0.0,0.0,0.0,0.0,0.0,0.0,28333.882960314862,37.72703542146087,0.0,0.0,0.0,0.0,BASELINE
battery_off,winter,0.5,6544304.138708197,6509999.194618105,34304.94409009162,0.52419544328915,1783857.0926847644,79929321.92700616,79853058.4300802,76263.49692595005,0.09541366683380119,38.131748462975025,1982.8509200747012,False,0.0,0.0,0.0,0.0,0.0,0.0,0.0,0.0,0.0,0.0,34304.94409009162,38.131748462975025,0.0,0.0,0.0,0.0,BASELINE
battery_off,winter,0.6,6544304.138708197,6505244.559231481,39059.579476716,0.5968484753892582,2031098.1327892318,79929321.92700616,79851211.69062942,78110.23637673259,0.09772413238794292,39.05511818836629,2030.8661457950473,False,0.0,0.0,0.0,0.0,0.0,0.0,0.0,0.0,0.0,0.0,39059.579476716,39.05511818836629,0.0,0.0,0.0,0.0,BASELINE
battery_off,winter,0.7,6544304.138708197,6504570.795280276,39733.343427920714,0.6071439007992654,2066133.8582518771,79929321.92700616,79852304.09226355,77017.83474260569,0.0963574228903639,38.50891737130284,2002.463703307748,False,0.0,0.0,0.0,0.0,0.0,0.0,0.0,0.0,0.0,0.0,39733.343427920714,38.50891737130284,0.0,0.0,0.0,0.0,BASELINE
battery_off,winter,0.8,6544304.138708197,6500908.479741925,43395.65896627121,0.6631057794150323,2256574.2662461028,79929321.92700616,79853678.45686089,75643.47014527023,0.09463794802907262,37.821735072635114,1966.730223777026,False,0.0,0.0,0.0,0.0,0.0,0.0,0.0,0.0,0.0,0.0,43395.65896627121,37.821735072635114,0.0,0.0,0.0,0.0,BASELINE
battery_off,winter,0.9,6544304.138708197,6499424.954114415,44879.18459378183,0.6857747384986403,2333717.598876655,79929321.92700616,79855627.93368897,73693.99331718683,0.09219894719548151,36.84699665859342,1916.0438262468579,False,0.0,0.0,0.0,0.0,0.0,0.0,0.0,0.0,0.0,0.0,44879.18459378183,36.84699665859342,0.0,0.0,0.0,0.0,BASELINE
battery_off,winter,1.0,6544304.138708197,6489672.041589363,54632.09711883403,0.8348037615748412,2840869.0501793697,79929321.92700616,79852090.40144785,77231.52555830777,0.09662477260702637,38.61576277915388,2008.019664516002,False,0.0,0.0,0.0,0.0,0.0,0.0,0.0,0.0,0.0,0.0,54632.09711883403,38.61576277915388,0.0,0.0,0.0,0.0,BASELINE
battery_off,shoulder,0.0,1966969.6400417334,1919719.4857772265,47250.154264506884,2.4021801507574043,2457008.021754358,44322852.117731616,43262089.005971864,1060763.111759752,2.3932645601012386,530.381555879876,27579.840905753554,False,0.0,0.0,0.0,0.0,0.0,0.0,0.0,0.0,0.0,0.0,47250.154264506884,530.381555879876,0.0,0.0,0.0,0.0,BASELINE
battery_off,shoulder,0.1,1966969.6400417334,1915226.768928751,51742.87111298251,2.630588193109309,2690629.2978750905,44322852.117731616,43246208.77210441,1076643.3456272036,2.4290931070216173,538.3216728136018,27992.726986307294,False,0.0,0.0,0.0,0.0,0.0,0.0,0.0,0.0,0.0,0.0,51742.87111298251,538.3216728136018,0.0,0.0,0.0,0.0,BASELINE
battery_off,shoulder,0.2,1966969.6400417334,1908456.5219953996,58513.11804633378,2.9747850121922728,3042682.1384093566,44322852.117731616,43311455.869427085,1011396.248304531,2.2818844004398264,505.6981241522655,26296.302455917805,False,0.0,0.0,0.0,0.0,0.0,0.0,0.0,0.0,0.0,0.0,58513.11804633378,505.6981241522655,0.0,0.0,0.0,0.0,BASELINE
battery_off,shoulder,0.3,1966969.6400417334,1901963.1543285386,65006.48571319482,3.304905393039802,3380337.257086131,44322852.117731616,43334545.83718379,988306.2805478275,2.2297894501975195,494.1531402739137,25695.963294243513,False,0.0,0.0,0.0,0.0,0.0,0.0,0.0,0.0,0.0,0.0,65006.48571319482,494.1531402739137,0.0,0.0,0.0,0.0,BASELINE
battery_off,shoulder,0.4,1966969.6400417334,1899536.8436651793,67432.79637655406,3.4282581186725043,3506505.4115808113,44322852.117731616,43362617.93814536,960234.1795862541,2.1664539480348712,480.11708979312704,24966.088669242607,False,0.0,0.0,0.0,0.0,0.0,0.0,0.0,0.0,0.0,0.0,67432.79637655406,480.11708979312704,0.0,0.0,0.0,0.0,BASELINE
battery_off,shoulder,0.5,1966969.6400417334,1885889.211223058,81080.42881867546,4.122098641896433,4216182.298571124,44322852.117731616,43486468.67296018,836383.4447714388,1.8870253262353547,418.1917223857194,21745.96956405741,False,0.0,0.0,0.0,0.0,0.0,0.0,0.0,0.0,0.0,0.0,81080.42881867546,418.1917223857194,0.0,0.0,0.0,0.0,BASELINE
battery_off,shoulder,0.6,1966969.6400417334,1881948.9848803584,85020.65516137495,4.322418273805744,4421074.068391497,44322852.117731616,43555563.00393775,767289.1137938648,1.7311365968863415,383.64455689693244,19949.516958640488,False,0.0,0.0,0.0,0.0,0.0,0.0,0.0,0.0,0.0,0.0,85020.65516137495,383.64455689693244,0.0,0.0,0.0,0.0,BASELINE
battery_off,shoulder,0.7,1966969.6400417334,1868316.5834805446,98653.05656118877,5.015484456541771,5129958.941181816,44322852.117731616,43766338.740106076,556513.3776255399,1.2555901776070577,278.25668881276994,14469.347818264037,False,0.0,0.0,0.0,0.0,0.0,0.0,0.0,0.0,0.0,0.0,98653.05656118877,278.25668881276994,0.0,0.0,0.0,0.0,BASELINE
battery_off,shoulder,0.8,1966969.6400417334,1865870.7639704463,101098.87607128709,5.13982900463792,5257141.5557069285,44322852.117731616,43764337.60994531,558514.5077863038,1.2601050724415517,279.25725389315187,14521.377202443897,False,0.0,0.0,0.0,0.0,0.0,0.0,0.0,0.0,0.0,0.0,101098.87607128709,279.25725389315187,0.0,0.0,0.0,0.0,BASELINE
battery_off,shoulder,0.9,1966969.6400417334,1864890.6992460988,102078.94079563464,5.189655128254487,5308104.921373001,44322852.117731616,43787783.74206748,535068.3756641373,1.2072065539529666,267.53418783206865,13911.77776726757,False,0.0,0.0,0.0,0.0,0.0,0.0,0.0,0.0,0.0,0.0,102078.94079563464,267.53418783206865,0.0,0.0,0.0,0.0,BASELINE
battery_off,shoulder,1.0,1966969.6400417334,1863064.2818108953,103905.35823083809,5.28250950678799,5403078.6280035805,44322852.117731616,43865413.5182506,457438.5994810164,1.0320603878693433,228.7192997405082,11893.403586506427,False,0.0,0.0,0.0,0.0,0.0,0.0,0.0,0.0,0.0,0.0,103905.35823083809,228.7192997405082,0.0,0.0,0.0,0.0,BASELINE
bess_50mw_100mwh,summer,0.0,3960220.1340822345,3986503.175469592,-26283.04138735775,-0.6636762729718494,-1366718.152142603,78988126.12620546,78566863.22495218,421262.901253283,0.5333243386229958,210.6314506266415,10952.835432585358,True,100.0,50.0,2.0,42700000.0,4688230.474732977,1067500.0,5755730.474732977,110687.12451409572,0.0001394341888285796,0.0006971709441428981,-26283.03950106632,210.63143832502513,-0.001886291429400444,1.2301616379772895e-05,-110687.12709755808,-5755730.6090730205,NO
bess_50mw_100mwh,summer,0.1,3960220.1340822345,3873125.458703695,87094.6753785396,2.199238234990779,4528923.119684059,78988126.12620546,78582796.5587642,405329.56744125485,0.513152529778499,202.66478372062744,10538.568753472628,True,100.0,50.0,2.0,42700000.0,4688230.474732977,1067500.0,5755730.474732977,110687.12451409572,5.681387964023514e-06,2.8406939820117568e-05,87094.66914668353,202.66477480465917,0.006231856066733599,8.915968265910124e-06,-110687.11831064659,-5755730.152153622,NO
bess_50mw_100mwh,summer,0.2,3960220.1340822345,3794220.3951159753,165999.73896625917,4.191679587143177,8631986.426245477,78988126.12620546,78690758.69695792,297367.4292475432,0.37647105182925367,148.6837146237716,7731.553160436124,True,100.0,50.0,2.0,42700000.0,4688230.474732977,1067500.0,5755730.474732977,110687.12451409572,5.427463168516917e-06,2.7137315842584584e-05,165999.5988733545,148.68384516162425,0.14009290467947721,-0.000130537852641055,-110686.98444832835,-5755723.191313074,NO
bess_50mw_100mwh,summer,0.3,3960220.1340822345,3722712.283847209,237507.8502350254,5.997339597134968,12350408.21222132,78988126.12620546,78728390.0760245,259736.05018095672,0.3288292341129302,129.86802509047837,6753.1373047048755,True,100.0,50.0,2.0,42700000.0,4688230.474732977,1067500.0,5755730.474732977,110687.12451409572,1.696933066769098e-05,8.484665333845489e-05,237507.85237010196,129.86801961658895,-0.0021350765600800514,5.473889416407474e-06,-110687.12673401894,-5755730.590168985,NO
bess_50mw_100mwh,summer,0.4,3960220.1340822345,3639260.417252851,320959.7168293833,8.104592824705803,16689905.27512793,78988126.12620546,78744653.45779915,243472.6684063077,0.3082395802342399,121.73633420315385,6330.289378564,True,100.0,50.0,2.0,42700000.0,4688230.474732977,1067500.0,5755730.474732977,110687.12451409572,647.0291653102257,3235.1458265511287,282642.6426205458,93.34000237666815,38317.07420883747,28.396331826485692,-75605.19613180938,-3931470.198854088,NO
bess_50mw_100mwh,summer,0.5,3960220.1340822345,3622546.8622352965,337673.27184693795,8.526628834111325,17559010.136040773,78988126.12620546,78800243.51187475,187882.61433070898,0.23786184524812545,93.94130716535449,4884.947972598433,True,100.0,50.0,2.0,42700000.0,4688230.474732977,1067500.0,5755730.474732977,110687.12451409572,647.0291307663709,3235.145653831855,299356.1900966503,65.544958082743,38317.081750287674,28.396349082611493,-75605.1884176399,-3931469.797717275,NO
bess_50mw_100mwh,summer,0.6,3960220.1340822345,3585950.6067152265,374269.5273670079,9.450725330796375,19462015.42308441,78988126.12620546,78843634.99263671,144491.13356874883,0.18292766350461856,72.24556678437442,3756.7694727874696,True,100.0,50.0,2.0,42700000.0,4688230.474732977,1067500.0,5755730.474732977,110687.12451409572,647.0290290203184,3235.145145101592,335952.44540214166,43.84918346358091,38317.08196486626,28.39638332079351,-75605.18769433105,-3931469.7601052145,NO
bess_50mw_100mwh,summer,0.7,3960220.1340822345,3539711.8191514993,420508.31493073516,10.618306576237492,21866432.376398228,78988126.12620546,78837829.38438782,150296.74181763828,0.19027763942329448,75.14837090881915,3907.7152872585957,True,100.0,50.0,2.0,42700000.0,4688230.474732977,1067500.0,5755730.474732977,110687.12451409572,1037.5676135468675,5187.8380677343375,371852.86583859194,57.96135585105419,48655.449092143215,17.187015057764953,-67219.51348968684,-3495414.7014637156,NO
bess_50mw_100mwh,summer,0.8,3960220.1340822345,3519872.334822187,440347.79926004726,11.119275806674219,22898085.561522458,78988126.12620546,78885814.8843994,102311.24180606008,0.1295273692688816,51.15562090303004,2660.092286957562,True,100.0,50.0,2.0,42700000.0,4688230.474732977,1067500.0,5755730.474732977,110687.12451409572,1037.5677244308708,5187.838622154354,391888.4948756825,35.91059021408111,48459.30438436475,15.24503068894893,-67415.65875188532,-3505614.2550980365,NO
bess_50mw_100mwh,summer,0.9,3960220.1340822345,3497549.134614246,462670.9994679885,11.682961648676397,24058891.972335402,78988126.12620546,78910941.50380255,77184.62240290642,0.09771674071566473,38.59231120145321,2006.8001824755668,True,100.0,50.0,2.0,42700000.0,4688230.474732977,1067500.0,5755730.474732977,110687.12451409572,1037.5677251573725,5187.838625786862,414338.97189022833,21.53385423540324,48332.027577760164,17.058456966049967,-67542.93556212241,-3512232.649230365,NO
bess_50mw_100mwh,summer,1.0,3960220.1340822345,3495774.8184999162,464445.31558231823,11.727765120560694,24151156.410280548,78988126.12620546,78912635.9204819,75490.2057235539,0.09557158705466355,37.74510286177695,1962.7453488124013,True,100.0,50.0,2.0,42700000.0,4688230.474732977,1067500.0,5755730.474732977,110687.12451409572,1037.5677250689987,5187.8386253449935,416402.6845870125,18.388032492540777,48042.63099530572,19.357070369236173,-67832.332144135,-3527281.27149502,NO
bess_50mw_100mwh,winter,0.0,6544304.138708197,6568567.007827425,-24262.869119228795,-0.3707478840373413,-1261669.1941998973,79929321.92700616,79839375.93375328,89945.99325287342,0.11253191079866133,44.97299662643671,2338.595824574709,True,100.0,50.0,2.0,42700000.0,4688230.474732977,1067500.0,5755730.474732977,110687.12451409572,0.00014997320975846637,0.0007498660487923318,-24262.946100873873,44.97295272691548,0.07698164507746696,4.3899521230628125e-05,-110687.04828231668,-5755726.510680468,NO
bess_50mw_100mwh,winter,0.1,6544304.138708197,6527702.256995922,16601.881712274626,0.25368444620533376,863297.8490382805,79929321.92700616,79832300.93438387,97020.99262228608,0.12138348015874394,48.510496311143044,2522.545808179438,True,100.0,50.0,2.0,42700000.0,4688230.474732977,1067500.0,5755730.474732977,110687.12451409572,0.00010711166267976734,0.0005355583133988367,16601.88222795818,48.510486743867396,-0.0005156835541129112,9.56727564727089e-06,-110687.12556533758,-5755730.529397555,NO
bess_50mw_100mwh,winter,0.2,6544304.138708197,6520489.74960699,23814.389101206325,0.3638949015274087,1238348.233262729,79929321.92700616,79846472.23260355,82849.6944026053,0.10365369354473708,41.42484720130265,2154.092054467738,True,100.0,50.0,2.0,42700000.0,4688230.474732977,1067500.0,5755730.474732977,110687.12451409572,0.00015547585283054595,0.0007773792641527298,23814.378930827603,41.42484070842713,0.010170378722250462,6.492875513686158e-06,-110687.11512109626,-5755729.986297006,NO
bess_50mw_100mwh,winter,0.3,6544304.138708197,6516530.811189506,27773.327518690377,0.42438931519727097,1444213.0309718996,79929321.92700616,79852311.85334122,77010.07366493344,0.09634771296478825,38.50503683246672,2002.2619152882696,True,100.0,50.0,2.0,42700000.0,4688230.474732977,1067500.0,5755730.474732977,110687.12451409572,0.00015596839158228546,0.0007798419579114273,27773.324327090755,38.50502185289562,0.0031915996223688126,1.4979571105300238e-05,-110687.12210233805,-5755730.349321579,NO
bess_50mw_100mwh,winter,0.4,6544304.138708197,6513899.877123807,30404.261584389955,0.4645912069482694,1581021.6023882776,79929321.92700616,79849777.10298952,79544.82401663065,0.0995189526182561,39.77241200831533,2068.1654244323972,True,100.0,50.0,2.0,42700000.0,4688230.474732977,1067500.0,5755730.474732977,110687.12451409572,267.27201135785674,1336.3600567892836,28333.882960314862,37.72703542146087,2070.3786240750924,2.0453765868544593,-109953.10594680991,-5717561.5092341155,NO
bess_50mw_100mwh,winter,0.5,6544304.138708197,6502584.3885636125,41719.750144584104,0.637497115970214,2169427.0075183734,79929321.92700616,79780566.5061096,148755.42089655995,0.18610869867307,74.37771044827997,3867.640943310558,True,100.0,50.0,2.0,42700000.0,4688230.474732977,1067500.0,5755730.474732977,110687.12451409572,192.9609815009085,964.8049075045425,34304.94409009162,38.131748462975025,7414.806054492481,36.245961985304945,-104237.12336710778,-5420330.415089604,NO
bess_50mw_100mwh,winter,0.6,6544304.138708197,6497061.43663694,47242.702071256936,0.7218903808554097,2456620.5077053607,79929321.92700616,79782960.50838856,146361.41861759126,0.18311354968237173,73.18070930879563,3805.3968840573725,True,100.0,50.0,2.0,42700000.0,4688230.474732977,1067500.0,5755730.474732977,110687.12451409572,318.9378962624137,1594.6894813120684,39059.579476716,39.05511818836629,8183.122594540939,34.125591120429334,-104098.69140086685,-5413131.952845076,NO
bess_50mw_100mwh,winter,0.7,6544304.138708197,6496294.754654101,48009.384054095484,0.7336056368488434,2496487.970812965,79929321.92700616,79784805.03331813,144516.8936880231,0.18080585472750568,72.25844684401154,3757.4392358886003,True,100.0,50.0,2.0,42700000.0,4688230.474732977,1067500.0,5755730.474732977,110687.12451409572,339.4708980615871,1697.3544903079355,39733.343427920714,38.50891737130284,8276.04062617477,33.7495294727087,-104108.43837822888,-5413638.795667902,NO
bess_50mw_100mwh,winter,0.8,6544304.138708197,6491859.090813794,52445.04789440241,0.8013846359034701,2727142.490508925,79929321.92700616,79791651.90096511,137670.02604104578,0.17223970217934562,68.8350130205229,3579.4206770671904,True,100.0,50.0,2.0,42700000.0,4688230.474732977,1067500.0,5755730.474732977,110687.12451409572,494.1862781578756,2470.931390789378,43395.65896627121,37.821735072635114,9049.3889281312,31.01327794788778,-104108.6669767539,-5413650.682791202,NO
bess_50mw_100mwh,winter,0.9,6544304.138708197,6488840.505708601,55463.632999595255,0.847510015183118,2884108.9159789532,79929321.92700616,79800228.9648183,129092.96218785644,0.16150889195050094,64.54648109392822,3356.4170168842675,True,100.0,50.0,2.0,42700000.0,4688230.474732977,1067500.0,5755730.474732977,110687.12451409572,729.3591377755972,3646.7956888779863,44879.18459378183,36.84699665859342,10584.448405813426,27.699484435334803,-103749.47179716028,-5394972.533452335,NO
bess_50mw_100mwh,winter,1.0,6544304.138708197,6477100.764426654,67203.37428154238,1.026898702400587,3494575.4626402035,79929321.92700616,79805810.31669486,123511.61031129956,0.15452603291704897,61.75580515564978,3211.3018680937885,True,100.0,50.0,2.0,42700000.0,4688230.474732977,1067500.0,5755730.474732977,110687.12451409572,1037.566821746444,5187.834108732221,54632.09711883403,38.61576277915388,12571.277162708342,23.1400423764959,-103303.6814601196,-5371791.4359262185,NO
bess_50mw_100mwh,shoulder,0.0,1966969.6400417334,1917106.0604134263,49863.57962830714,2.5350457176984786,2592906.1406719713,44322852.117731616,43180042.68817705,1142809.4295545667,2.5783752059073364,571.4047147772834,29713.045168418736,True,100.0,50.0,2.0,42700000.0,4688230.474732977,1067500.0,5755730.474732977,110687.12451409572,76.73330685696595,383.66653428482977,47250.154264506884,530.381555879876,2613.4253638002556,41.02315889740737,-108457.36568458029,-5639783.015598175,NO
bess_50mw_100mwh,shoulder,0.1,1966969.6400417334,1912613.3417612682,54356.298280465184,2.7634538517489218,2826527.5105841896,44322852.117731616,43164162.41986183,1158689.6978697851,2.6142038305478192,579.3448489348925,30125.93214461441,True,100.0,50.0,2.0,42700000.0,4688230.474732977,1067500.0,5755730.474732977,110687.12451409572,76.73330839601721,383.66654198008604,51742.87111298251,538.3216728136018,2613.427167482674,41.0231761212907,-108457.36388859313,-5639782.922206842,NO
bess_50mw_100mwh,shoulder,0.2,1966969.6400417334,1905236.98950107,61732.650540663395,3.1384648387025234,3210097.8281144965,44322852.117731616,43235411.99981077,1087440.1179208457,2.453452487742342,543.7200589604229,28273.44306594199,True,100.0,50.0,2.0,42700000.0,4688230.474732977,1067500.0,5755730.474732977,110687.12451409572,76.73331650445213,383.6665825222607,58513.11804633378,505.6981241522655,3219.5324943296146,38.02193480815737,-107851.25860228836,-5608265.447318994,NO
bess_50mw_100mwh,shoulder,0.3,1966969.6400417334,1898743.6208086268,68226.01923310664,3.4685852716902676,3547753.000121545,44322852.117731616,43258501.97269069,1064350.1450409293,2.4013575259411835,532.1750725204647,27673.103771064165,True,100.0,50.0,2.0,42700000.0,4688230.474732977,1067500.0,5755730.474732977,110687.12451409572,76.73330577121143,383.6665288560572,65006.48571319482,494.1531402739137,3219.5335199118126,38.02193224655099,-107851.25752303997,-5608265.391198078,NO
bess_50mw_100mwh,shoulder,0.4,1966969.6400417334,1896132.5036409963,70837.1364007371,3.601333490802336,3683531.0928383293,44322852.117731616,43285079.00365014,1037773.1140814796,2.341395159600554,518.8865570407398,26982.100966118473,True,100.0,50.0,2.0,42700000.0,4688230.474732977,1067500.0,5755730.474732977,110687.12451409572,76.73330883573549,383.66654417867744,67432.79637655406,480.11708979312704,3404.3400241830386,38.769467247612795,-107666.45103409135,-5598655.453772751,NO
bess_50mw_100mwh,shoulder,0.5,1966969.6400417334,1882484.870393639,84484.76964809443,4.295174054964159,4393208.02170091,44322852.117731616,43408929.678073585,913922.4396580309,2.0619666740543776,456.9612198290154,23761.9834311088,True,100.0,50.0,2.0,42700000.0,4688230.474732977,1067500.0,5755730.474732977,110687.12451409572,76.73331377434997,383.66656887174986,81080.42881867546,418.1917223857194,3404.340829418972,38.76949744329602,-107666.4502535485,-5598655.413184522,NO
bess_50mw_100mwh,shoulder,0.6,1966969.6400417334,1878493.6170450333,88476.02299670014,4.49808788074751,4600753.195828407,44322852.117731616,43479566.34245897,843285.775272645,1.9025981744872498,421.64288763632254,21925.430157088773,True,100.0,50.0,2.0,42700000.0,4688230.474732977,1067500.0,5755730.474732977,110687.12451409572,76.73332899992607,383.66664499963036,85020.65516137495,383.64455689693244,3455.367835325189,37.9983307393901,-107615.42332377016,-5596002.012836048,NO
bess_50mw_100mwh,shoulder,0.7,1966969.6400417334,1864861.2147445637,102108.42529716971,5.1911541092725395,5309638.115452825,44322852.117731616,43690342.099814825,632510.0179167911,1.4270517074052458,316.2550089583956,16445.26046583657,True,100.0,50.0,2.0,42700000.0,4688230.474732977,1067500.0,5755730.474732977,110687.12451409572,76.73330595956193,383.66652979780963,98653.05656118877,278.25668881276994,3455.368735980941,37.998320145625655,-107615.42230791258,-5596001.960011454,NO
bess_50mw_100mwh,shoulder,0.8,1966969.6400417334,1862415.3943695817,104554.24567215168,5.315498701339047,5436820.774951887,44322852.117731616,43688340.90201041,634511.2157212049,1.4315667548554822,317.2556078606024,16497.291608751326,True,100.0,50.0,2.0,42700000.0,4688230.474732977,1067500.0,5755730.474732977,110687.12451409572,76.73332240800386,383.6666120400193,101098.87607128709,279.25725389315187,3455.369600864593,37.998353967450555,-107615.42152527114,-5596001.9193140995,NO
bess_50mw_100mwh,shoulder,0.9,1966969.6400417334,1861435.3333044164,105534.306737317,5.365324638924161,5487783.950340484,44322852.117731616,43711787.05388784,611065.0638437793,1.3786681917956247,305.53253192188964,15887.691659938262,True,100.0,50.0,2.0,42700000.0,4688230.474732977,1067500.0,5755730.474732977,110687.12451409572,76.73334118401992,383.6667059200996,102078.94079563464,267.53418783206865,3455.365941682365,37.99834408982099,-107615.42527833345,-5596002.114473339,NO
bess_50mw_100mwh,shoulder,1.0,1966969.6400417334,1859608.9138854498,107360.72615628364,5.458179118311443,5582757.760126749,44322852.117731616,43789416.85603681,533435.2616948038,1.2035219671285549,266.7176308474019,13869.316804064898,True,100.0,50.0,2.0,42700000.0,4688230.474732977,1067500.0,5755730.474732977,110687.12451409572,76.73330823132932,383.6665411566466,103905.35823083809,228.7192997405082,3455.367925445549,37.99833110689369,-107615.42312980682,-5596002.002749954,NO
bess_100mw_200mwh,summer,0.0,3960220.1340822345,3986503.212489553,-26283.07840731833,-0.663677207767374,-1366720.0771805532,78988126.12620546,78566863.20718724,421262.9190182239,0.5333243611136431,210.63145950911195,10952.835894473821,True,200.0,100.0,2.0,85400000.0,9376460.949465955,2135000.0,11511460.949465955,221374.24902819144,5.382116604569525e-06,2.6910583022847622e-05,-26283.03950106632,210.63143832502513,-0.03890625201165676,2.1184086818948344e-05,-221374.28796135404,-11511462.97399041,NO
bess_100mw_200mwh,summer,0.1,3960220.1340822345,3873125.4699333725,87094.66414886201,2.199237951428825,4528922.535740824,78988126.12620546,78582796.58580075,405329.5404047072,0.5131524955498764,202.6647702023536,10538.568050522386,True,200.0,100.0,2.0,85400000.0,9376460.949465955,2135000.0,11511460.949465955,221374.24902819144,0.0001988040865428835,0.0009940204327144174,87094.66914668353,202.66477480465917,-0.0049978215247392654,-4.602305580192478e-06,-221374.2550200334,-11511461.261041736,NO
bess_100mw_200mwh,summer,0.2,3960220.1340822345,3794220.39277135,165999.74131088424,4.191679646347589,8631986.54816598,78988126.12620546,78690758.70178278,297367.42442268133,0.37647104572091544,148.68371221134066,7731.553034989714,True,200.0,100.0,2.0,85400000.0,9376460.949465955,2135000.0,11511460.949465955,221374.24902819144,2.70208186723648e-06,1.35104093361824e-05,165999.5988733545,148.68384516162425,0.14243752975016832,-0.00013295028358584204,-221374.1066041721,-11511453.543416949,NO
bess_100mw_200mwh,summer,0.3,3960220.1340822345,3722712.283868496,237507.85021373862,5.997339596597453,12350408.211114408,78988126.12620546,78728390.07610384,259736.05010162294,0.3288292340124926,129.86802505081147,6753.137302642196,True,200.0,100.0,2.0,85400000.0,9376460.949465955,2135000.0,11511460.949465955,221374.24902819144,1.498276705453104e-05,7.49138352726552e-05,237507.85237010196,129.86801961658895,-0.00215636333450675,5.434222515532383e-06,-221374.2512594686,-11511461.065492367,NO
bess_100mw_200mwh,summer,0.4,3960220.1340822345,3603598.34907359,356621.7850086447,9.005100043290659,18544332.820449524,78988126.12620546,78688859.96969819,299266.15650726855,0.37887486535521525,149.63307825363427,7780.920069188982,True,200.0,100.0,2.0,85400000.0,9376460.949465955,2135000.0,11511460.949465955,221374.24902819144,1294.0580392454574,6470.290196227287,282642.6426205458,93.34000237666815,73979.14238809887,56.293075876966114,-153865.39683631985,-8001000.635488632,NO
bess_100mw_200mwh,summer,0.5,3960220.1340822345,3586790.8543240787,373429.2797581558,9.429508136286888,19418322.5474241,78988126.12620546,78744536.96170634,243589.16449911892,0.30838706581026826,121.79458224955947,6333.318276977092,True,200.0,100.0,2.0,85400000.0,9376460.949465955,2135000.0,11511460.949465955,221374.24902819144,1294.0581305886967,6470.290652943484,299356.1900966503,65.544958082743,74073.08966150554,56.249624166816474,-153771.45001962938,-7996115.401020728,NO
bess_100mw_200mwh,summer,0.6,3960220.1340822345,3549363.3383052377,410856.79577699676,10.374594892872318,21364553.38040383,78988126.12620546,78788247.23710418,199878.88910128176,0.2530492858912993,99.93944455064089,5196.8511166333265,True,200.0,100.0,2.0,85400000.0,9376460.949465955,2135000.0,11511460.949465955,221374.24902819144,1294.0580432003517,6470.290216001758,335952.44540214166,43.84918346358091,74904.3503748551,56.09026108705998,-152940.1888693381,-7952889.821205582,NO
bess_100mw_200mwh,summer,0.7,3960220.1340822345,3493093.0063573066,467127.12772492785,11.795483884967993,24290610.64169625,78988126.12620546,78799995.99799603,188130.128209427,0.23817520105343035,94.0650641047135,4891.383333445102,True,200.0,100.0,2.0,85400000.0,9376460.949465955,2135000.0,11511460.949465955,221374.24902819144,2075.13520114219,10375.67600571095,371852.86583859194,57.96135585105419,95274.26188633591,36.103708253659306,-136475.6631475665,-7096734.483673457,NO
bess_100mw_200mwh,summer,0.8,3960220.1340822345,3473209.642576636,487010.49150559865,12.297561120764854,25324545.55829113,78988126.12620546,78848079.48571867,140046.64048679173,0.1773008771761826,70.02332024339586,3641.2126526565844,True,200.0,100.0,2.0,85400000.0,9376460.949465955,2135000.0,11511460.949465955,221374.24902819144,2075.135448906714,10375.67724453357,391888.4948756825,35.91059021408111,95121.99662991613,34.11273002931475,-136627.9296428089,-7104652.341426062,NO
bess_100mw_200mwh,summer,0.9,3960220.1340822345,3450861.877606082,509358.2564761527,12.861867250573798,26486629.33675994,78988126.12620546,78873213.05540304,114913.07080242038,0.14548144947610842,57.45653540121019,2987.7398408629297,True,200.0,100.0,2.0,85400000.0,9376460.949465955,2135000.0,11511460.949465955,221374.24902819144,2075.1354659110675,10375.677329555338,414338.97189022833,21.53385423540324,95019.28458592435,35.92268116580695,-136730.6417718224,-7109993.372134766,NO
bess_100mw_200mwh,summer,1.0,3960220.1340822345,3449087.5576364174,511132.576445817,12.906670819809618,26578893.975182485,78988126.12620546,78874907.46285975,113218.66334570944,0.14333630749109202,56.60933167285472,2943.6852469884457,True,200.0,100.0,2.0,85400000.0,9376460.949465955,2135000.0,11511460.949465955,221374.24902819144,2075.1354520652276,10375.677260326138,416402.6845870125,18.388032492540777,94729.8918588045,38.22129918031395,-137020.03442971307,-7125041.790345079,NO
bess_100mw_200mwh,winter,0.0,6544304.138708197,6568567.09811531,-24262.959407113492,-0.3707492636780607,-1261673.8891699016,79929321.92700616,79839376.02694544,89945.90006071329,0.11253179420545388,44.97295003035664,2338.5934015785456,True,200.0,100.0,2.0,85400000.0,9376460.949465955,2135000.0,11511460.949465955,221374.24902819144,5.099640028621351e-05,0.00025498200143106756,-24262.946100873873,44.97295272691548,-0.013306239619851112,-2.69655883755604e-06,-221374.26258941306,-11511461.65464948,NO
bess_100mw_200mwh,winter,0.1,6544304.138708197,6527702.25263723,16601.88607096672,0.2536845128081689,863298.0756902695,79929321.92700616,79832300.95082939,97020.97617676854,0.12138345958366943,48.51048808838427,2522.545380595982,True,200.0,100.0,2.0,85400000.0,9376460.949465955,2135000.0,11511460.949465955,221374.24902819144,4.047959481852833e-05,0.00020239797409264167,16601.88222795818,48.510486743867396,0.003843008540570736,1.3445168747239222e-06,-221374.24538758086,-11511460.760154204,NO
bess_100mw_200mwh,winter,0.2,6544304.138708197,6520489.8134489115,23814.325259285048,0.363893925993266,1238344.9134828225,79929321.92700616,79846472.07314216,82849.85386399925,0.1036538930477356,41.42492693199962,2154.0962004639805,True,200.0,100.0,2.0,85400000.0,9376460.949465955,2135000.0,11511460.949465955,221374.24902819144,0.0003981623577505664,0.001990811788752832,23814.378930827603,41.42484070842713,-0.053671542555093765,8.622357248810886e-05,-221374.30469054577,-11511463.84390838,NO
bess_100mw_200mwh,winter,0.3,6544304.138708197,6516530.803373821,27773.3353343755,0.4243894346245616,1444213.437387526,79929321.92700616,79852311.78108773,77010.1459184289,0.0963478033615209,38.50507295921445,2002.2637938791515,True,200.0,100.0,2.0,85400000.0,9376460.949465955,2135000.0,11511460.949465955,221374.24902819144,0.0005964601309437675,0.0029823006547188375,27773.324327090755,38.50502185289562,0.011007284745573997,5.110631883553651e-05,-221374.24100320734,-11511460.53216678,NO
bess_100mw_200mwh,winter,0.4,6544304.138708197,6513569.819555324,30734.31915287301,0.4696346395499242,1598184.5959493965,79929321.92700616,79845552.82943885,83769.09756730497,0.10480396373661897,41.884548783652484,2177.996536749929,True,200.0,100.0,2.0,85400000.0,9376460.949465955,2135000.0,11511460.949465955,221374.24902819144,262.68276233395216,1313.413811669761,28333.882960314862,37.72703542146087,2400.436192558147,4.157513362191615,-220287.22664730306,-11454935.785659758,NO
bess_100mw_200mwh,winter,0.5,6544304.138708197,6498230.8364087315,46073.30229946505,0.7040214104193456,2395811.7195721827,79929321.92700616,79724847.1646837,204474.76232245564,0.25581946323676824,102.23738116122782,5316.343820383847,True,200.0,100.0,2.0,85400000.0,9376460.949465955,2135000.0,11511460.949465955,221374.24902819144,132.4276926181292,662.138463090646,34304.94409009162,38.131748462975025,11768.35820937343,64.10563269825279,-210268.02928190865,-10933937.52265925,NO
bess_100mw_200mwh,winter,0.6,6544304.138708197,6491157.315190506,53146.82351769041,0.8121080926440752,2763634.8229199015,79929321.92700616,79704960.35836703,224361.5686391294,0.28069995244551565,112.1807843195647,5833.4007846173645,True,200.0,100.0,2.0,85400000.0,9376460.949465955,2135000.0,11511460.949465955,221374.24902819144,235.53403842623,1177.67019213115,39059.579476716,39.05511818836629,14087.244040974416,73.1256661311984,-208464.67517934818,-10840163.109326106,NO
bess_100mw_200mwh,winter,0.7,6544304.138708197,6490390.56136629,53913.577341906726,0.823824446407054,2803506.02177915,79929321.92700616,79706803.75815094,222518.16885522008,0.27839366516637076,111.25908442761003,5785.472390235722,True,200.0,100.0,2.0,85400000.0,9376460.949465955,2135000.0,11511460.949465955,221374.24902819144,256.06454937925855,1280.3227468962928,39733.343427920714,38.50891737130284,14180.233913986012,72.75016705630719,-208474.33786110173,-10840665.56877729,NO
bess_100mw_200mwh,winter,0.8,6544304.138708197,6485946.137888005,58358.00082019158,0.8917372967893737,3034616.042649962,79929321.92700616,79713547.7979349,215774.12907125056,0.2699561611048095,107.88706453562529,5610.1273558525145,True,200.0,100.0,2.0,85400000.0,9376460.949465955,2135000.0,11511460.949465955,221374.24902819144,410.7805178133888,2053.902589066944,43395.65896627121,37.821735072635114,14962.34185392037,70.06532946299018,-208465.809763338,-10840222.107693577,NO
bess_100mw_200mwh,winter,0.9,6544304.138708197,6478465.854398078,65838.2843101183,1.006039495027417,3423590.7841261514,79929321.92700616,79739926.36575738,189395.5612487793,0.23695379453079932,94.69778062438965,4924.2845924682615,True,200.0,100.0,2.0,85400000.0,9376460.949465955,2135000.0,11511460.949465955,221374.24902819144,1305.4652519217216,6527.326259608608,44879.18459378183,36.84699665859342,20959.099716336466,57.85078396579623,-206942.47557146358,-10761008.729716107,NO
bess_100mw_200mwh,winter,1.0,6544304.138708197,6463763.604279362,80540.53442883492,1.2306966901561684,4188107.7902994156,79929321.92700616,79759205.72286789,170116.20413826406,0.21283328825636638,85.05810206913203,4423.021307594866,True,200.0,100.0,2.0,85400000.0,9376460.949465955,2135000.0,11511460.949465955,221374.24902819144,2075.135432847199,10375.677164235994,54632.09711883403,38.61576277915388,25908.43731000088,46.44233928997815,-205841.48888242655,-10703757.421886181,NO
bess_100mw_200mwh,shoulder,0.0,1966969.6400417334,1914492.6350157242,52477.00502600917,2.6679112863631063,2728804.2613524767,44322852.117731616,43097996.3698149,1224855.7479167134,2.763485852993433,612.4278739583567,31846.24944583455,True,200.0,100.0,2.0,85400000.0,9376460.949465955,2135000.0,11511460.949465955,221374.24902819144,153.466611350207,767.333056751035,47250.154264506884,530.381555879876,5226.850761502283,82.04631807848068,-216914.73132344018,-11279566.028818889,NO
bess_100mw_200mwh,shoulder,0.1,1966969.6400417334,1909999.9185705744,56969.72147115902,2.8963193082100793,2962425.516500269,44322852.117731616,43082116.160630584,1240735.9571010321,2.799314344224406,620.3679785505161,32259.134884626837,True,200.0,100.0,2.0,85400000.0,9376460.949465955,2135000.0,11511460.949465955,221374.24902819144,153.46663832449792,767.3331916224896,51742.87111298251,538.3216728136018,5226.850358176511,82.04630573691429,-216914.7318616374,-11279566.056805145,NO
bess_100mw_200mwh,shoulder,0.2,1966969.6400417334,1901832.6481289603,65136.99191277311,3.3115402793604427,3387123.579464202,44322852.117731616,43157873.010418266,1164979.1073133498,2.628393823165755,582.489553656675,30289.4567901471,True,200.0,100.0,2.0,85400000.0,9376460.949465955,2135000.0,11511460.949465955,221374.24902819144,153.46660938031656,767.3330469015827,58513.11804633378,505.6981241522655,6623.873866439331,76.79142950440945,-215517.7082086537,-11206920.826849991,NO
bess_100mw_200mwh,shoulder,0.3,1966969.6400417334,1895339.2804501157,71630.35959161771,3.6416606608172115,3724778.698764121,44322852.117731616,43180962.96868712,1141889.1490444988,2.57629889432968,570.9445745222494,29689.117875156968,True,200.0,100.0,2.0,85400000.0,9376460.949465955,2135000.0,11511460.949465955,221374.24902819144,153.46660996507876,767.3330498253938,65006.48571319482,494.1531402739137,6623.873878422892,76.79143424833563,-215517.70819959394,-11206920.826378886,NO
bess_100mw_200mwh,shoulder,0.4,1966969.6400417334,1892728.1632467876,74241.47679494577,3.774408881744132,3860556.7933371803,44322852.117731616,43207539.98483242,1115312.132899195,2.516336561412319,557.6560664495975,28998.11545537907,True,200.0,100.0,2.0,85400000.0,9376460.949465955,2135000.0,11511460.949465955,221374.24902819144,153.46662765254695,767.3331382627348,67432.79637655406,480.11708979312704,6808.680418391712,77.53897665647042,-215332.90174806246,-11197310.890899248,NO
bess_100mw_200mwh,shoulder,0.5,1966969.6400417334,1879080.5293412008,87889.11070053256,4.468249479370094,4570233.756427693,44322852.117731616,43331390.68117881,991461.4365528077,2.236908026404212,495.7307182764038,25777.997350373,True,200.0,100.0,2.0,85400000.0,9376460.949465955,2135000.0,11511460.949465955,221374.24902819144,153.46660934714436,767.3330467357218,81080.42881867546,418.1917223857194,6808.681881857105,77.53899589068442,-215332.90019307006,-11197310.810039643,NO
bess_100mw_200mwh,shoulder,0.6,1966969.6400417334,1875038.249171181,91931.39087055228,4.673757489647973,4780432.325268718,44322852.117731616,43403569.67273684,919282.4449947774,2.0740597706865826,459.6412224973887,23901.343569864213,True,200.0,100.0,2.0,85400000.0,9376460.949465955,2135000.0,11511460.949465955,221374.24902819144,153.466609326828,767.33304663414,85020.65516137495,383.64455689693244,6910.73570917733,75.99666560045625,-215230.84636564823,-11192004.011013709,NO
bess_100mw_200mwh,shoulder,0.7,1966969.6400417334,1861405.8471465886,105563.79289514478,5.366823704147515,5489317.230547529,44322852.117731616,43614345.42540328,708506.6923283339,1.598513314184697,354.25334616416694,18421.17400053668,True,200.0,100.0,2.0,85400000.0,9376460.949465955,2135000.0,11511460.949465955,221374.24902819144,153.46661118040885,767.3330559020442,98653.05656118877,278.25668881276994,6910.736333956011,75.996657351397,-215230.84575013747,-11192003.979007147,NO
bess_100mw_200mwh,shoulder,0.8,1966969.6400417334,1858960.0262465603,108009.61379517312,5.491168322907185,5616499.917349002,44322852.117731616,43612344.23278528,710507.8849463388,1.6030283499335007,355.2539424731694,18473.205008604808,True,200.0,100.0,2.0,85400000.0,9376460.949465955,2135000.0,11511460.949465955,221374.24902819144,153.46661616245254,767.3330808122627,101098.87607128709,279.25725389315187,6910.737723886035,75.99668858001752,-215230.84438511767,-11192003.90802612,NO
bess_100mw_200mwh,shoulder,0.9,1966969.6400417334,1857979.9666259869,108989.67341574654,5.540994187049786,5667463.01761882,44322852.117731616,43635790.37528204,687061.7424495742,1.5501298080380326,343.53087122478706,17863.605303688928,True,200.0,100.0,2.0,85400000.0,9376460.949465955,2135000.0,11511460.949465955,221374.24902819144,153.4666677400835,767.3333387004175,102078.94079563464,267.53418783206865,6910.732620111899,75.99668339271841,-215230.84974677995,-11192004.186832557,NO
bess_100mw_200mwh,shoulder,1.0,1966969.6400417334,1856153.545938008,110816.0941037254,5.633848730953174,5762436.8933937205,44322852.117731616,43713420.18969728,609431.9280343354,1.3749835556961565,304.71596401716766,15845.23012889272,True,200.0,100.0,2.0,85400000.0,9376460.949465955,2135000.0,11511460.949465955,221374.24902819144,153.46661095229297,767.3330547614648,103905.35823083809,228.7192997405082,6910.735872887308,75.99666427665946,-215230.8462100656,-11192004.00292341,NO
bess_200mw_500mwh,summer,0.0,3960220.1340822345,3986503.1858608723,-26283.051778637804,-0.6636765353633252,-1366718.6924891658,78988126.12620546,78566863.22237943,421262.9038260281,0.5333243418801247,210.63145191301405,10952.83549947673,True,500.0,200.0,2.5,194900000.0,21398972.354226165,4872500.0,26271472.354226165,505220.622196657,0.0001022541362953743,0.0005112706814768715,-26283.03950106632,210.63143832502513,-0.012277571484446526,1.358798891715196e-05,-505220.63498549914,-26271473.019245956,NO
bess_200mw_500mwh,summer,0.1,3960220.1340822345,3873125.459697474,87094.67438476067,2.1992382098967465,4528923.068007555,78988126.12620546,78582796.5602979,405329.56590755284,0.5131525278368122,202.6647829537764,10538.568713596373,True,500.0,200.0,2.5,194900000.0,21398972.354226165,4872500.0,26271472.354226165,505220.622196657,1.5451163025321637e-05,7.725581512660818e-05,87094.66914668353,202.66477480465917,0.005238077137619257,8.149117235234371e-06,-505220.6170358357,-26271472.085863456,NO
bess_200mw_500mwh,summer,0.2,3960220.1340822345,3794220.3964154655,165999.73766676895,4.191679554329592,8631986.358671986,78988126.12620546,78690758.6944332,297367.43177226186,0.3764710550255805,148.68371588613093,7731.553226078808,True,500.0,200.0,2.5,194900000.0,21398972.354226165,4872500.0,26271472.354226165,505220.622196657,6.329673654077135e-06,3.1648368270385676e-05,165999.5988733545,148.68384516162425,0.13879341445863247,-0.00012927549332175658,-505220.4834348909,-26271465.138614327,NO
bess_200mw_500mwh,summer,0.3,3960220.1340822345,3722712.2789233625,237507.85515887197,5.997339721467617,12350408.468261342,78988126.12620546,78728390.0845849,259736.04162055254,0.32882922327534664,129.86802081027628,6753.137082134366,True,500.0,200.0,2.5,194900000.0,21398972.354226165,4872500.0,26271472.354226165,505220.622196657,4.754430676915694e-05,0.00023772153384578473,237507.85237010196,129.86801961658895,0.0027887700125575066,1.1936873249851487e-06,-505220.61964560853,-26271472.221571643,NO
bess_200mw_500mwh,summer,0.4,3960220.1340822345,3569822.8054140685,390397.32866816595,9.857970401906433,20300661.09074463,78988126.12620546,78500914.86683145,487211.2593740076,0.61681582190664,243.60562968700378,12667.492743724197,True,500.0,200.0,2.5,194900000.0,21398972.354226165,4872500.0,26271472.354226165,505220.622196657,2034.2253845418268,10171.126922709134,282642.6426205458,93.34000237666815,107754.68604762014,150.26562731033562,-407637.063071746,-21197127.27973079,NO
bess_200mw_500mwh,summer,0.5,3960220.1340822345,3541013.8939261553,419206.2401560792,10.585427727825756,21798724.488116115,78988126.12620546,78576551.3835251,411574.7426803559,0.5210590032516419,205.78737134017794,10700.943309689254,True,500.0,200.0,2.5,194900000.0,21398972.354226165,4872500.0,26271472.354226165,505220.622196657,2504.7103650856134,12523.551825428067,299356.1900966503,65.544958082743,119850.0500594289,140.24241325743495,-397894.1239626562,-20690494.44605812,NO
bess_200mw_500mwh,summer,0.6,3960220.1340822345,3508796.8828591555,451423.2512230789,11.398943390496513,23474009.063600104,78988126.12620546,78626528.89183289,361597.2343725711,0.4577868245599587,180.79861718628555,9401.52809368685,True,500.0,200.0,2.5,194900000.0,21398972.354226165,4872500.0,26271472.354226165,505220.622196657,2504.7103062745105,12523.551531372552,335952.44540214166,43.84918346358091,115470.80582093727,136.94943372270464,-402273.36790709227,-20918215.131168798,NO
bess_200mw_500mwh,summer,0.7,3960220.1340822345,3405311.3929756023,554908.7411066322,14.012068074979123,28855254.537544873,78988126.12620546,78714323.82316306,273802.3030423969,0.3466372940724302,136.90115152119844,7118.859879102319,True,500.0,200.0,2.5,194900000.0,21398972.354226165,4872500.0,26271472.354226165,505220.622196657,5187.838596521559,25939.192982607798,371852.86583859194,57.96135585105419,183055.87526804022,78.93979567014425,-348103.9399112246,-18101404.87538368,NO
bess_200mw_500mwh,summer,0.8,3960220.1340822345,3387726.6830791077,572493.4510031268,14.456101722128128,29769659.452162594,78988126.12620546,78759480.80436921,228645.32183624804,0.2894679656926203,114.32266091812401,5944.778367742449,True,500.0,200.0,2.5,194900000.0,21398972.354226165,4872500.0,26271472.354226165,505220.622196657,5187.838621335046,25939.19310667523,391888.4948756825,35.91059021408111,180604.95612744428,78.4120707040429,-350554.85917588795,-18228852.677146174,NO
bess_200mw_500mwh,summer,0.9,3960220.1340822345,3365928.6206855276,594291.5133967069,15.006527245345456,30903158.696628757,78988126.12620546,78775663.27549385,212462.8507116139,0.2689807457542992,106.23142535580695,5524.0341185019615,True,500.0,200.0,2.5,194900000.0,21398972.354226165,4872500.0,26271472.354226165,505220.622196657,5187.838642269244,25939.193211346217,414338.97189022833,21.53385423540324,179952.54150647856,84.69757112040371,-351207.27390152466,-18262778.242879283,NO
bess_200mw_500mwh,summer,1.0,3960220.1340822345,3360422.934397201,599797.1996850334,15.145551999069214,31189454.383621737,78988126.12620546,78772517.61953515,215608.5066703111,0.27296318730971875,107.80425333515555,5605.8211734280885,True,500.0,200.0,2.5,194900000.0,21398972.354226165,4872500.0,26271472.354226165,505220.622196657,5187.8386344400315,25939.193172200157,416402.6845870125,18.388032492540777,183394.5150980209,89.41622084261478,-347765.3002708363,-18083795.614083488,NO
bess_200mw_500mwh,winter,0.0,6544304.138708197,6568567.134330945,-24262.99562274851,-0.3707498170697468,-1261675.7723829225,79929321.92700616,79839376.0632116,89945.8637945503,0.11253174883266437,44.97293189727515,2338.592458658308,True,500.0,200.0,2.5,194900000.0,21398972.354226165,4872500.0,26271472.354226165,505220.622196657,5.893209023356129e-06,2.9466045116780644e-05,-24262.946100873873,44.97295272691548,-0.04952187463641167,-2.0829640327235666e-05,-505220.6717479977,-26271474.93089588,NO
bess_200mw_500mwh,winter,0.1,6544304.138708197,6527702.255719788,16601.882988408208,0.2536844657052463,863297.9153972268,79929321.92700616,79832300.94807026,97020.97893589735,0.12138346303563016,48.51048946794867,2522.545452333331,True,500.0,200.0,2.5,194900000.0,21398972.354226165,4872500.0,26271472.354226165,505220.622196657,7.830410646197764e-05,0.0003915205323098882,16601.88222795818,48.510486743867396,0.0007604500278830528,2.7240812769946388e-06,-505220.62182772753,-26271472.335041832,NO
bess_200mw_500mwh,winter,0.2,6544304.138708197,6520489.744419204,23814.39428899251,0.36389498079918575,1238348.5030276105,79929321.92700616,79846472.26007248,82849.66693367064,0.10365365917820675,41.42483346683532,2154.0913402754363,True,500.0,200.0,2.5,194900000.0,21398972.354226165,4872500.0,26271472.354226165,505220.622196657,9.205644595905144e-05,0.0004602822297952572,23814.378930827603,41.42484070842713,0.01535816490650177,-7.241591816864457e-06,-505220.6072987743,-26271471.579536263,NO
bess_200mw_500mwh,winter,0.3,6544304.138708197,6516530.813851545,27773.324856651947,0.4243892745200901,1444212.8925459012,79929321.92700616,79852311.87943588,77010.04757027328,0.09634768031762006,38.50502378513664,2002.2612368271054,True,500.0,200.0,2.5,194900000.0,21398972.354226165,4872500.0,26271472.354226165,505220.622196657,1.7054087137114994e-05,8.527043568557497e-05,27773.324327090755,38.50502185289562,0.0005295611917972565,1.932241026736392e-06,-505220.62175236625,-26271472.331123047,NO
bess_200mw_500mwh,winter,0.4,6544304.138708197,6512542.006842084,31762.13186611235,0.48534009411704987,1651630.8570378423,79929321.92700616,79832398.27448443,96923.65252172947,0.12126169744095044,48.46182626086473,2520.014965564966,True,500.0,200.0,2.5,194900000.0,21398972.354226165,4872500.0,26271472.354226165,505220.622196657,248.39167642402072,1241.9583821201036,28333.882960314862,37.72703542146087,3428.248905797489,10.734790839403864,-503034.33167297964,-26157785.246994942,NO
bess_200mw_500mwh,winter,0.5,6544304.138708197,6498230.670054182,46073.46865401417,0.7040239523939481,2395820.370008737,79929321.92700616,79724845.00608858,204476.9209175706,0.25582216386660334,102.2384604587853,5316.399943856835,True,500.0,200.0,2.5,194900000.0,21398972.354226165,4872500.0,26271472.354226165,505220.622196657,132.42505067071914,662.1252533535958,34304.94409009162,38.131748462975025,11768.524563922547,64.10671199581027,-494114.2228860881,-25693939.59007658,NO
bess_200mw_500mwh,winter,0.6,6544304.138708197,6487281.633422153,57022.50528604351,0.8713303061324315,2965170.2748742625,79929321.92700616,79655737.63211925,273584.294886902,0.3422827671886762,136.792147443451,7113.191667059452,True,500.0,200.0,2.5,194900000.0,21398972.354226165,4872500.0,26271472.354226165,505220.622196657,202.62807486709823,1013.1403743354912,39059.579476716,39.05511818836629,17962.925809327513,97.7370292550847,-488270.836761665,-25390083.51160658,NO
bess_200mw_500mwh,winter,0.7,6544304.138708197,6480121.502394583,64182.636313613504,0.9807404263806533,3337497.088307902,79929321.92700616,79586840.16771215,342481.75929400325,0.428480751540427,171.24087964700163,8904.525741644085,True,500.0,200.0,2.5,194900000.0,21398972.354226165,4872500.0,26271472.354226165,505220.622196657,276.76332710260573,1383.8166355130286,39733.343427920714,38.50891737130284,24449.29288569279,132.73196227569878,-482155.14594647725,-25072067.589216817,NO
bess_200mw_500mwh,winter,0.8,6544304.138708197,6466777.724306926,77526.41440127045,1.1846395393318878,4031373.5488660634,79929321.92700616,79485817.59060892,443504.3363972306,0.5548706353373697,221.75216819861532,11531.112746327997,True,500.0,200.0,2.5,194900000.0,21398972.354226165,4872500.0,26271472.354226165,505220.622196657,383.6662155366557,1918.3310776832786,43395.65896627121,37.821735072635114,34130.75543499924,183.93043312598022,-473008.197839341,-24596426.28764573,NO
bess_200mw_500mwh,winter,0.9,6544304.138708197,6449715.777438613,94588.36126958393,1.4453539943248277,4918594.786018364,79929321.92700616,79550056.24418625,379265.6828199029,0.4745013140062162,189.63284140995145,9860.907753317475,True,500.0,200.0,2.5,194900000.0,21398972.354226165,4872500.0,26271472.354226165,505220.622196657,2687.666044366979,13438.330221834894,44879.18459378183,36.84699665859342,49709.1766758021,152.78584475135804,-468949.7757426898,-24385388.33861987,NO
bess_200mw_500mwh,winter,1.0,6544304.138708197,6425615.216709616,118688.92199858092,1.8136217309424947,6171823.943926208,79929321.92700616,79617161.30574939,312160.6212567687,0.3905458143906727,156.08031062838435,8116.1761526759865,True,500.0,200.0,2.5,194900000.0,21398972.354226165,4872500.0,26271472.354226165,505220.622196657,4991.666622914532,24958.333114572662,54632.09711883403,38.61576277915388,64056.824879746884,117.46454784923047,-466122.1304314828,-24238350.782437105,NO
bess_200mw_500mwh,shoulder,0.0,1966969.6400417334,1906652.358521888,60317.28151984536,3.066508007645995,3136498.6390319588,44322852.117731616,42851857.41481128,1470994.7029203326,3.3188177940648647,735.4973514601663,38245.86227592865,True,500.0,200.0,2.5,194900000.0,21398972.354226165,4872500.0,26271472.354226165,505220.622196657,383.6665268373673,1918.3326341868365,47250.154264506884,530.381555879876,13067.127255338477,205.1157955802903,-494071.82757550536,-25691735.03392628,NO
bess_200mw_500mwh,shoulder,0.1,1966969.6400417334,1902159.6402338317,64809.99980790168,3.294916123185643,3370119.9900108874,44322852.117731616,42835977.14511526,1486874.9726163596,3.35464642182069,743.4374863081798,38658.74928802535,True,500.0,200.0,2.5,194900000.0,21398972.354226165,4872500.0,26271472.354226165,505220.622196657,383.6665254577161,1918.3326272885804,51742.87111298251,538.3216728136018,13067.12869491917,205.115813494578,-494071.8261290264,-25691734.958709374,NO
bess_200mw_500mwh,shoulder,0.2,1966969.6400417334,1891619.6281587163,75350.01188301714,3.830766390548785,3918200.6179168914,44322852.117731616,42925255.98276304,1397596.1349685788,3.153217963627982,698.7980674842894,36337.49950918305,True,500.0,200.0,2.5,194900000.0,21398972.354226165,4872500.0,26271472.354226165,505220.622196657,383.6665355080984,1918.3326775404919,58513.11804633378,505.6981241522655,16836.89383668336,193.09994333202388,-490302.0610375141,-25495707.173950735,NO
bess_200mw_500mwh,shoulder,0.3,1966969.6400417334,1885126.2594024895,81843.38063924387,4.160886826779258,4255855.793240681,44322852.117731616,42948345.9566292,1374506.1611024141,3.101122999601677,687.2530805512071,35737.16018866277,True,500.0,200.0,2.5,194900000.0,21398972.354226165,4872500.0,26271472.354226165,505220.622196657,383.6665224427751,1918.3326122138756,65006.48571319482,494.1531402739137,16836.894926049048,193.09994027729334,-490302.0598828218,-25495707.113906734,NO
bess_200mw_500mwh,shoulder,0.4,1966969.6400417334,1882515.1428074776,84454.49723425577,4.293635016779613,4391633.8561813,44322852.117731616,42974922.93921514,1347929.1785164773,3.041160742400037,673.9645892582387,35046.15864142841,True,500.0,200.0,2.5,194900000.0,21398972.354226165,4872500.0,26271472.354226165,505220.622196657,383.66654658461584,1918.3327329230792,67432.79637655406,480.11708979312704,17021.70085770171,193.84749946511164,-490117.2540718784,-25486097.211737677,NO
bess_200mw_500mwh,shoulder,0.5,1966969.6400417334,1868867.5082366606,98102.13180507277,4.987475648225629,5101310.853863784,44322852.117731616,43098773.66894917,1224078.448782444,2.7617321320636408,612.039224391222,31826.039668343543,True,500.0,200.0,2.5,194900000.0,21398972.354226165,4872500.0,26271472.354226165,505220.622196657,383.6665225743351,1918.3326128716753,81080.42881867546,418.1917223857194,17021.702986397315,193.84750200550258,-490117.25182313134,-25486097.09480283,NO
bess_200mw_500mwh,shoulder,0.6,1966969.6400417334,1864672.1452720074,102297.49476972595,5.200766330463316,5319469.728025749,44322852.117731616,43175579.68887357,1147272.4288580492,2.5884445021963653,573.6362144290246,29829.083150309278,True,500.0,200.0,2.5,194900000.0,21398972.354226165,4872500.0,26271472.354226165,505220.622196657,383.66656298790105,1918.3328149395052,85020.65516137495,383.64455689693244,17276.839608351,189.99165753209212,-489862.1154032455,-25472830.000968765,NO
bess_200mw_500mwh,shoulder,0.7,1966969.6400417334,1851039.7434386904,115929.89660304296,5.8938325352384835,6028354.623358234,44322852.117731616,43386355.42822986,936496.6895017549,2.1128980757244724,468.2483447508775,24348.91392704563,True,500.0,200.0,2.5,194900000.0,21398972.354226165,4872500.0,26271472.354226165,505220.622196657,383.66652457089026,1918.3326228544513,98653.05656118877,278.25668881276994,17276.840041854186,189.99165593810756,-489862.11477765726,-25472829.96843818,NO
bess_200mw_500mwh,shoulder,0.8,1966969.6400417334,1848593.922141767,118375.71789996629,6.018177174176145,6155537.330798247,44322852.117731616,43384354.22882107,938497.8889105469,2.117413126794463,469.24894445527343,24400.94511167422,True,500.0,200.0,2.5,194900000.0,21398972.354226165,4872500.0,26271472.354226165,505220.622196657,383.6665225509131,1918.3326127545656,101098.87607128709,279.25725389315187,17276.8418286792,189.99169056212156,-489862.11298073235,-25472829.87499808,NO
bess_200mw_500mwh,shoulder,0.9,1966969.6400417334,1847613.859969286,119355.78007244738,6.068003168056777,6206500.563767264,44322852.117731616,43407800.41431725,915051.7034143656,2.064514487884894,457.5258517071828,23791.344288773507,True,500.0,200.0,2.5,194900000.0,21398972.354226165,4872500.0,26271472.354226165,505220.622196657,383.66653172310083,1918.3326586155042,102078.94079563464,267.53418783206865,17276.839276812738,189.99166387511417,-489862.11557845975,-25472830.010079905,NO
bess_200mw_500mwh,shoulder,1.0,1966969.6400417334,1845787.4421001687,121182.19794156472,6.160857568650302,6301474.292961366,44322852.117731616,43485430.2613617,837421.8563699126,1.8893681619258818,418.7109281849563,21772.96826561773,True,500.0,200.0,2.5,194900000.0,21398972.354226165,4872500.0,26271472.354226165,505220.622196657,383.66659088818324,1918.3329544409162,103905.35823083809,228.7192997405082,17276.839710726636,189.99162844444808,-489862.1154403713,-25472830.002899308,NO
bess_200mw_800mwh,summer,0.0,3960220.1340822345,3986503.21259271,-26283.078510475345,-0.6636772103722044,-1366720.082544718,78988126.12620546,78566863.2073368,421262.9188686609,0.5333243609242945,210.63145943433045,10952.835890585184,True,800.0,200.0,4.0,267200000.0,29337123.720108937,6680000.0,36017123.72010894,692636.9946174796,5.4706441216645465e-06,2.7353220608322734e-05,-26283.03950106632,210.63143832502513,-0.03900940902531147,2.110930532239763e-05,-692637.0336542418,-36017125.75002058,NO
bess_200mw_800mwh,summer,0.1,3960220.1340822345,3873125.4619881893,87094.6720940452,2.199238152053612,4528922.948890351,78988126.12620546,78582796.56412986,405329.5620756,0.51315252298551,202.66478103780003,10538.5686139656,True,800.0,200.0,4.0,267200000.0,29337123.720108937,6680000.0,36017123.72010894,692636.9946174796,4.0955330857443835e-05,0.00020477665428721918,87094.66914668353,202.66477480465917,0.0029473616741597652,6.233140851463759e-06,-692636.9918748946,-36017123.57749452,NO
bess_200mw_800mwh,summer,0.2,3960220.1340822345,3794220.575582254,165999.55849998025,4.1916750301672305,8631977.041998973,78988126.12620546,78690758.3294591,297367.7967463583,0.3764715170875565,148.68389837317915,7731.562715405315,True,800.0,200.0,4.0,267200000.0,29337123.720108937,6680000.0,36017123.72010894,692636.9946174796,0.00020949534810687527,0.0010474767405343763,165999.5988733545,148.68384516162425,-0.04037337424233556,5.3211554899235125e-05,-692637.0360383306,-36017125.873993196,NO
bess_200mw_800mwh,summer,0.3,3960220.1340822345,3722712.263894209,237507.8701880253,5.997340100970595,12350409.249777315,78988126.12620546,78728390.11715636,259736.00904910266,0.3288291820394654,129.86800452455134,6753.13623527667,True,800.0,200.0,4.0,267200000.0,29337123.720108937,6680000.0,36017123.72010894,692636.9946174796,9.148196589265623e-06,4.574098294632811e-05,237507.85237010196,129.86801961658895,0.017817923333495855,-1.5092037614294895e-05,-692636.9768452973,-36017122.79595546,NO
bess_200mw_800mwh,summer,0.4,3960220.1340822345,3560269.1302083144,399951.00387392007,10.099211415847396,20797452.201443844,78988126.12620546,78280223.2134184,707902.9127870649,0.896214339426148,353.95145639353245,18405.47573246369,True,800.0,200.0,4.0,267200000.0,29337123.720108937,6680000.0,36017123.72010894,692636.9946174796,1784.0081002257252,8920.040501128626,282642.6426205458,93.34000237666815,117308.36125337426,260.6114540168643,-584248.673865234,-30380931.04099217,NO
bess_200mw_800mwh,summer,0.5,3960220.1340822345,3531460.218976304,428759.91510593053,10.826668735304887,22295515.585508388,78988126.12620546,78355859.72836089,632266.3978445679,0.8004575229881347,316.13319892228395,16438.926343958767,True,800.0,200.0,4.0,267200000.0,29337123.720108937,6680000.0,36017123.72010894,692636.9946174796,2254.4930697637556,11272.465348818778,299356.1900966503,65.544958082743,129403.72500928026,250.58824083954096,-574505.7349570182,-29874298.217764944,NO
bess_200mw_800mwh,summer,0.6,3960220.1340822345,3499243.207810268,460976.92627196666,11.640184400476421,23970800.166142266,78988126.12620546,78405837.236037,582288.8901684582,0.7371853450961605,291.1444450842291,15139.511144379914,True,800.0,200.0,4.0,267200000.0,29337123.720108937,6680000.0,36017123.72010894,692636.9946174796,2254.4930097582983,11272.465048791491,335952.44540214166,43.84918346358091,125024.480869825,247.2952616206482,-578884.9787964461,-30102018.8974152,NO
bess_200mw_800mwh,summer,0.7,3960220.1340822345,3341719.6624817187,618500.4716005158,15.617830591729236,32162024.52322682,78988126.12620546,78544481.48448467,443644.6417207867,0.56165991456987,221.82232086039335,11534.760684740453,True,800.0,200.0,4.0,267200000.0,29337123.720108937,6680000.0,36017123.72010894,692636.9946174796,7340.654837014539,36703.274185072696,371852.86583859194,57.96135585105419,246647.60576192383,163.86096500933917,-482692.6630406285,-25100018.478112683,NO
bess_200mw_800mwh,summer,0.8,3960220.1340822345,3316409.317114527,643810.8169677076,16.25694519925742,33478162.482320793,78988126.12620546,78619961.33188033,368164.7943251282,0.4661014412936987,184.0823971625641,9572.284652453332,True,800.0,200.0,4.0,267200000.0,29337123.720108937,6680000.0,36017123.72010894,692636.9946174796,8124.816945469032,40624.084727345165,391888.4948756825,35.91059021408111,251922.32209202508,148.17180694848298,-481338.7572527997,-25029615.377145585,NO
bess_200mw_800mwh,summer,0.9,3960220.1340822345,3307163.210685649,653056.9233965855,16.490419756626203,33958960.01662245,78988126.12620546,78638106.1454918,350019.9807136655,0.44312987012049304,175.00999035683273,9100.519498555303,True,800.0,200.0,4.0,267200000.0,29337123.720108937,6680000.0,36017123.72010894,692636.9946174796,8124.816987459612,40624.08493729806,414338.97189022833,21.53385423540324,238717.95150635717,153.47613612142948,-494543.12804842053,-25716242.658517867,NO
bess_200mw_800mwh,summer,1.0,3960220.1340822345,3306830.5537630394,653389.580319195,16.498819717015948,33976258.17659815,78988126.12620546,78638541.40335682,349584.7228486389,0.44257882797482784,174.79236142431944,9089.202794064611,True,800.0,200.0,4.0,267200000.0,29337123.720108937,6680000.0,36017123.72010894,692636.9946174796,8155.848556613181,40779.24278306591,416402.6845870125,18.388032492540777,236986.89573218254,156.40432893177865,-496429.34166836296,-25814325.766754873,NO
bess_200mw_800mwh,winter,0.0,6544304.138708197,6568567.116850523,-24262.978142326698,-0.3707495499608008,-1261674.8634009883,79929321.92700616,79839376.04733482,89945.87967133522,0.11253176869619448,44.97293983566761,2338.592871454716,True,800.0,200.0,4.0,267200000.0,29337123.720108937,6680000.0,36017123.72010894,692636.9946174796,2.646555481263301e-05,0.00013232777406316503,-24262.946100873873,44.97295272691548,-0.03204145282506943,-1.2891247870072675e-05,-692637.0267912602,-36017125.39314553,NO
bess_200mw_800mwh,winter,0.1,6544304.138708197,6527702.252744177,16601.885964019224,0.25368451117396157,863298.0701289997,79929321.92700616,79832300.95339203,97020.97361412644,0.12138345637753427,48.510486807063224,2522.5453139672877,True,800.0,200.0,4.0,267200000.0,29337123.720108937,6680000.0,36017123.72010894,692636.9946174796,3.874488265638934e-05,0.0001937244132819467,16601.88222795818,48.510486743867396,0.003736061044037342,6.319582723790518e-08,-692636.991075143,-36017123.53590743,NO
bess_200mw_800mwh,winter,0.2,6544304.138708197,6520489.737864362,23814.400843834504,0.36389508096020906,1238348.8438793942,79929321.92700616,79846472.28096245,82849.64604370296,0.10365363304265703,41.42482302185148,2154.090797136277,True,800.0,200.0,4.0,267200000.0,29337123.720108937,6680000.0,36017123.72010894,692636.9946174796,1.2443737020943959e-05,6.221868510471979e-05,23814.378930827603,41.42484070842713,0.021913006901741028,-1.768657565293097e-05,-692636.9727666914,-36017122.58386795,NO
bess_200mw_800mwh,winter,0.3,6544304.138708197,6516530.804598219,27773.33410997782,0.42438941591519763,1444213.3737188466,79929321.92700616,79852311.79381019,77010.13319596648,0.09634778744438047,38.505066597983244,2002.2634630951288,True,800.0,200.0,4.0,267200000.0,29337123.720108937,6680000.0,36017123.72010894,692636.9946174796,0.0006373568371389454,0.0031867841856947268,27773.324327090755,38.50502185289562,0.009782887063920498,4.4745087627973135e-05,-692636.9880213768,-36017123.37711159,NO
bess_200mw_800mwh,winter,0.4,6544304.138708197,6510898.383815808,33405.75489238836,0.5104554156461077,1737099.2544041947,79929321.92700616,79811362.19218928,117959.73481687903,0.14758005194214383,58.97986740843952,3066.9531052388547,True,800.0,200.0,4.0,267200000.0,29337123.720108937,6680000.0,36017123.72010894,692636.9946174796,225.53799194769098,1127.689959738455,28333.882960314862,37.72703542146087,5071.871932073496,21.25283198697865,-688692.8126451445,-35812026.25754751,NO
bess_200mw_800mwh,winter,0.5,6544304.138708197,6498230.726386688,46073.41232150886,0.7040230916071614,2395817.440718461,79929321.92700616,79724845.75529389,204476.17171226442,0.25582122653185796,102.23808585613222,5316.380464518876,True,800.0,200.0,4.0,267200000.0,29337123.720108937,6680000.0,36017123.72010894,692636.9946174796,132.42613256118528,662.1306628059265,34304.94409009162,38.131748462975025,11768.468231417239,64.10633739315719,-681530.6570488684,-35439594.16654115,NO
bess_200mw_800mwh,winter,0.6,6544304.138708197,6487281.630405998,57022.50830219872,0.8713303522206809,2965170.4317143336,79929321.92700616,79655737.63636604,273584.29064011574,0.34228276187549933,136.79214532005787,7113.191556643009,True,800.0,200.0,4.0,267200000.0,29337123.720108937,6680000.0,36017123.72010894,692636.9946174796,202.62860655202837,1013.1430327601419,39059.579476716,39.05511818836629,17962.928825482726,97.73702713169158,-675687.208824757,-35135734.85888737,NO
bess_200mw_800mwh,winter,0.7,6544304.138708197,6480121.514285138,64182.6244230587,0.9807402446874656,3337496.4699990526,79929321.92700616,79586840.1013408,342481.8256653547,0.428480834577978,171.24091283267737,8904.527467299224,True,800.0,200.0,4.0,267200000.0,29337123.720108937,6680000.0,36017123.72010894,692636.9946174796,276.76289658445063,1383.814482922253,39733.343427920714,38.50891737130284,24449.28099513799,132.73199546137454,-669571.5281052638,-34817719.46147372,NO
bess_200mw_800mwh,winter,0.8,6544304.138708197,6445816.844682684,98487.29402551241,1.5049314936783051,5121339.289326645,79929321.92700616,79264802.61960584,664519.307400316,0.8313836416717946,332.259653700158,17277.50199240822,True,800.0,200.0,4.0,267200000.0,29337123.720108937,6680000.0,36017123.72010894,692636.9946174796,613.8661348546657,3069.3306742733284,43395.65896627121,37.821735072635114,55091.635059241205,294.4379186275229,-640614.6902325117,-33311963.89209061,NO
bess_200mw_800mwh,winter,0.9,6544304.138708197,6429106.774122966,115197.36458523013,1.7602691156094306,5990262.958431967,79929321.92700616,79327634.39613429,601687.5308718681,0.7527744717030719,300.8437654359341,15643.875802668572,True,800.0,200.0,4.0,267200000.0,29337123.720108937,6680000.0,36017123.72010894,692636.9946174796,2865.8252930580084,14329.126465290043,44879.18459378183,36.84699665859342,70318.1799914483,263.99676877734066,-636647.9410913214,-33105692.936748713,NO
bess_200mw_800mwh,winter,1.0,6544304.138708197,6404878.353810938,139425.7848972585,2.130490605908488,7250140.814657442,79929321.92700616,79397251.30568641,532070.621319741,0.6656763857019128,266.0353106598705,13833.836154313267,True,800.0,200.0,4.0,267200000.0,29337123.720108937,6680000.0,36017123.72010894,692636.9946174796,5221.866445018897,26109.332225094484,54632.09711883403,38.61576277915388,84793.68777842447,227.4195478807166,-633952.6390641496,-32965537.231335778,NO
bess_200mw_800mwh,shoulder,0.0,1966969.6400417334,1898812.082633302,68157.55740843131,3.4651046981581883,3544192.985238428,44322852.117731616,42605718.4596999,1717133.658031717,3.8741497353794334,858.5668290158585,44645.47510882464,True,800.0,200.0,4.0,267200000.0,29337123.720108937,6680000.0,36017123.72010894,692636.9946174796,613.8664387966478,3069.332193983239,47250.154264506884,530.381555879876,20907.403143924428,328.18527313598247,-674798.9236675384,-35089544.030712,NO
bess_200mw_800mwh,shoulder,0.1,1966969.6400417334,1894319.3653311243,72650.27471060911,3.6935127635761416,3777814.284951674,44322852.117731616,42589838.22271691,1733013.8950147033,3.909978289328996,866.5069475073516,45058.36127038228,True,800.0,200.0,4.0,267200000.0,29337123.720108937,6680000.0,36017123.72010894,692636.9946174796,613.8664523153927,3069.332261576964,51742.87111298251,538.3216728136018,20907.403597626602,328.18527469374976,-674798.92328143,-35089544.01063436,NO
bess_200mw_800mwh,shoulder,0.2,1966969.6400417334,1881406.6061211764,85563.033920557,4.349992606837674,4449277.763868964,44322852.117731616,42692638.98322693,1630213.1345046833,3.678042040648614,815.1065672523416,42385.54149712176,True,800.0,200.0,4.0,267200000.0,29337123.720108937,6680000.0,36017123.72010894,692636.9946174796,613.8664379364461,3069.332189682231,58513.11804633378,505.6981241522655,27049.915874223225,309.4084431000761,-668656.4109329386,-34770133.36851281,NO
bess_200mw_800mwh,shoulder,0.3,1966969.6400417334,1874913.2382336862,92056.4018080472,4.680112998901906,4786932.8940184545,44322852.117731616,42715728.944343835,1607123.1733877808,3.6259471053868433,803.5615866938904,41785.2025080823,True,800.0,200.0,4.0,267200000.0,29337123.720108937,6680000.0,36017123.72010894,692636.9946174796,613.8664364130174,3069.3321820650867,65006.48571319482,494.1531402739137,27049.91609485238,309.40844641997666,-668656.4107046924,-34770133.356644005,NO
bess_200mw_800mwh,shoulder,0.4,1966969.6400417334,1872302.1212801673,94667.51876156614,4.812861207128624,4922710.975601439,44322852.117731616,42742305.94785158,1580546.1698800325,3.5659848009819877,790.2730849400162,41094.20041688084,True,800.0,200.0,4.0,267200000.0,29337123.720108937,6680000.0,36017123.72010894,692636.9946174796,613.86645865712,3069.3322932856,67432.79637655406,480.11708979312704,27234.72238501208,310.1559951468892,-668471.6045257532,-34760523.43533917,NO
bess_200mw_800mwh,shoulder,0.5,1966969.6400417334,1858654.4872179143,108315.15282381908,5.5067018127194345,5632387.946838592,44322852.117731616,42866156.65588771,1456695.4618439078,3.2865562395998165,728.3477309219539,37874.08200794161,True,800.0,200.0,4.0,267200000.0,29337123.720108937,6680000.0,36017123.72010894,692636.9946174796,613.8664367809988,3069.332183904994,81080.42881867546,418.1917223857194,27234.724005143624,310.15600853623454,-668471.602796241,-34760523.34540453,NO
bess_200mw_800mwh,shoulder,0.6,1966969.6400417334,1854306.041497563,112663.59854417038,5.727775164937471,5858507.12429686,44322852.117731616,42947589.689529315,1375262.4282023013,3.1028292686339096,687.6312141011506,35756.82313325983,True,800.0,200.0,4.0,267200000.0,29337123.720108937,6680000.0,36017123.72010894,692636.9946174796,613.8664539034969,3069.3322695174847,85020.65516137495,383.64455689693244,27642.943382795434,303.98665720421815,-668063.3835042017,-34739295.94221848,NO
bess_200mw_800mwh,shoulder,0.7,1966969.6400417334,1840673.6402251814,126295.99981655204,6.420841341194895,6567391.990460706,44322852.117731616,43158365.41677827,1164486.7009533495,2.6272828694782704,582.2433504766748,30276.65422478709,True,800.0,200.0,4.0,267200000.0,29337123.720108937,6680000.0,36017123.72010894,692636.9946174796,613.8664391863557,3069.3321959317786,98653.05656118877,278.25668881276994,27642.943255363265,303.98666166390484,-668063.3835580482,-34739295.94501851,NO
bess_200mw_800mwh,shoulder,0.8,1966969.6400417334,1838227.8182922509,128741.82174948254,6.545186012466924,6694574.730973092,44322852.117731616,43156364.23411131,1166487.8836203068,2.631797882775794,583.2439418101534,30328.684974127977,True,800.0,200.0,4.0,267200000.0,29337123.720108937,6680000.0,36017123.72010894,692636.9946174796,613.8664355541083,3069.3321777705414,101098.87607128709,279.25725389315187,27642.94567819545,303.9866879170015,-668063.3811170547,-34739295.81808685,NO
bess_200mw_800mwh,shoulder,0.9,1966969.6400417334,1837247.7568011489,129721.88324058452,6.595011971706497,6745537.928510395,44322852.117731616,43179810.413227536,1143041.7045040801,2.5788992582605026,571.5208522520401,29719.084317106084,True,800.0,200.0,4.0,267200000.0,29337123.720108937,6680000.0,36017123.72010894,692636.9946174796,613.8664562908668,3069.3322814543344,102078.94079563464,267.53418783206865,27642.942444949877,303.9866644199714,-668063.3844539841,-34739295.991607174,NO
bess_200mw_800mwh,shoulder,1.0,1966969.6400417334,1835421.3383003306,131548.30174140283,6.687866404415462,6840511.690552947,44322852.117731616,43257440.20285824,1065411.9148733765,2.403753061836813,532.7059574366882,27700.709786707786,True,800.0,200.0,4.0,267200000.0,29337123.720108937,6680000.0,36017123.72010894,692636.9946174796,613.8664382799765,3069.3321913998825,103905.35823083809,228.7192997405082,27642.943510564743,303.98665769618003,-668063.3832983148,-34739295.93151237,NO
